{
  "train_loss": [
    2.0077856040875846,
    1.6250469777562202,
    1.5113535813235361,
    1.6002589554414837,
    1.5626088205827486,
    1.5229643134895814,
    1.4396714672036128,
    1.4445900627232473,
    1.406218919732155,
    1.4142745790678426,
    1.3259349801671614,
    1.3664496117228762,
    1.3938200317938394,
    1.3376850677192758,
    1.393080347448314,
    1.3045969556231019,
    1.3173440418659,
    1.3034373718664187,
    1.3002159245517275,
    1.2460063329530418,
    1.2535868724551769,
    1.2772018217712366,
    1.288408696104627,
    1.2744688785404241,
    1.1955796862960955,
    1.2557951698609449,
    1.1755241713392626,
    1.1924330474586662,
    1.1470350478220424,
    1.1748107392853553,
    1.18939550699444,
    1.1719857320326184,
    1.1755727701777712,
    1.1766779428228327,
    1.1491798146055379,
    1.220837171471447,
    1.1449133223349894,
    1.1240658615160426,
    1.1285947498378404,
    1.1064382857138957,
    1.112288599167395,
    1.1114963987551698,
    1.1001949285695312,
    1.1297550206884333,
    1.119008639810282,
    1.13208873528953,
    1.1244563501362408,
    1.089573696118976,
    1.0619653785994294,
    1.0626451280138909,
    1.0448679683405324,
    1.0724318880553638,
    1.0536877302401657,
    1.0641360096975203,
    1.130235275270742,
    1.1104532898566044,
    1.0618081199466636,
    1.010901495130784,
    1.0742070543656654,
    1.059788532760165,
    1.0888831506081678,
    1.0985160986764715,
    1.0046786827231766,
    1.0603872258728797,
    1.0336702870666434,
    1.1193839647901167,
    1.0572532439997437,
    1.0504974006512844,
    1.0312304562384929,
    1.0177507529018122,
    1.0218050611128502,
    0.9949156546264614,
    1.0098069884361478,
    0.9926867351072644,
    1.0344781123716897,
    1.029493836087918,
    1.0417488695831474,
    1.0785771239241329,
    1.0462896678972682,
    1.0228818400737343,
    1.0241288974744465,
    0.993187559854,
    0.9775259653362659
  ],
  "val_loss": [
    1.457220248222351,
    1.3515586891174316,
    1.310876589457194,
    1.2005298261642456,
    1.173172119140625,
    1.1402033468882242,
    1.107299783706665,
    1.0855391918818156,
    1.0656042160987853,
    1.0593005336125692,
    1.0436999878883362,
    1.0417308610280356,
    1.0349351555506388,
    1.0368368132909138,
    1.0328284982045493,
    1.0200568011601765,
    1.0032805779774985,
    1.0033719844818114,
    0.977017967224121,
    0.9671707383791606,
    0.9627669061024984,
    0.9583221418062846,
    0.9509740204811096,
    0.9459718736012777,
    0.9401473770141602,
    0.9296566367149353,
    0.9290878408749899,
    0.9239578889211019,
    0.9231827893257141,
    0.9203760333061218,
    0.9196719066301982,
    0.9207871179580689,
    0.9135711379051209,
    0.9199978993733724,
    0.9196281474431356,
    0.9222755846977234,
    0.9036431379318237,
    0.9021963987350464,
    0.9007784690856934,
    0.8973345384597778,
    0.8860058264732361,
    0.883642637570699,
    0.8832839430173238,
    0.8894307438532512,
    0.8646858987808228,
    0.8797035021781922,
    0.8679238918622335,
    0.8711979287465413,
    0.8649844698905945,
    0.8620676595369975,
    0.862931973139445,
    0.8536030769348144,
    0.8550964314142863,
    0.8504956347147624,
    0.8481347988446554,
    0.8531141471862793,
    0.8469102460543315,
    0.8466081649462383,
    0.8383384272257487,
    0.8366688089370727,
    0.840245845635732,
    0.8350382610956828,
    0.8354221738179525,
    0.8382796538670858,
    0.8326635656356811,
    0.8343000833193461,
    0.832910400390625,
    0.8326789948145549,
    0.8326107958157857,
    0.8349695843060811,
    0.8316160349845886,
    0.8316552890141805,
    0.8316424668629964,
    0.8325799411137899,
    0.8361272330284119,
    0.842499836285909,
    0.8358018329938253,
    0.8433647464116414,
    0.8277336344718933,
    0.8291708327929179,
    0.8278883930842081,
    0.8282659262021382,
    0.8232471303939819
  ],
  "train_acc": [
    50.80275229357798,
    61.52522935779817,
    65.59633027522936,
    64.33488735501919,
    66.62897969331216,
    67.85132297135274,
    70.55609657540234,
    70.69386559615441,
    72.71545158887128,
    72.56160675112261,
    75.87022573576061,
    74.20594766052491,
    73.21994854222744,
    75.7973415452406,
    73.31249050864386,
    76.76500340393923,
    76.23121532004907,
    77.18207540862058,
    77.20387474112555,
    79.311950819208,
    78.65586905577861,
    78.70651573762981,
    77.92725263659014,
    79.27486810388915,
    81.14039907488254,
    79.6402931076671,
    82.52561134756158,
    81.72322541748711,
    83.59193991903865,
    82.44022286813194,
    81.75977010519132,
    82.33051293213433,
    81.86424325365539,
    81.94235192799786,
    83.64845277792817,
    81.31269474915408,
    83.86128319239398,
    84.26699560443195,
    84.19572816255989,
    84.50634337346489,
    84.82092442589068,
    85.04094712504553,
    85.06625663796696,
    84.52585057927928,
    84.57479910292757,
    84.39498069362902,
    84.6719467448532,
    85.44644952640621,
    86.87650460168857,
    86.40831013064866,
    86.89234278617648,
    86.55714769975854,
    86.96396260633381,
    86.63200809868104,
    84.17440164800084,
    84.86540847962056,
    86.82636574867668,
    88.49898939012388,
    86.49817073563916,
    86.96049321955498,
    85.83195400894235,
    85.13780617659245,
    88.64611381784492,
    87.30570292527523,
    87.8902762718157,
    85.04496522999685,
    87.2547482131818,
    87.29657406380417,
    88.06825200898932,
    88.0520005428463,
    88.37819286716093,
    89.24055253967232,
    88.31530061610248,
    89.30879601644814,
    87.88929602148336,
    87.69975270426602,
    87.53918991723192,
    86.12927202511271,
    87.51720708171162,
    87.99228703756945,
    88.24094037670608,
    88.85806636252535,
    89.79845206945315
  ],
  "val_acc": [
    69.06666666666666,
    72.2,
    73.53333333333333,
    78.73333333333333,
    78.93333333333334,
    80.66666666666667,
    82.33333333333333,
    82.26666666666667,
    84.26666666666667,
    84.26666666666667,
    84.6,
    84.26666666666667,
    84.33333333333333,
    85.26666666666667,
    85.8,
    85.2,
    86.4,
    86.2,
    87.4,
    87.53333333333333,
    87.13333333333334,
    87.33333333333333,
    87.86666666666666,
    87.93333333333334,
    88.2,
    88.93333333333334,
    88.86666666666666,
    89.53333333333333,
    89.33333333333333,
    89.86666666666666,
    89.4,
    89.2,
    89.6,
    89.4,
    89.73333333333333,
    89.86666666666666,
    90.13333333333334,
    89.53333333333333,
    89.66666666666667,
    89.6,
    90.6,
    90.33333333333333,
    90.2,
    89.73333333333333,
    90.86666666666666,
    90.2,
    90.73333333333333,
    90.4,
    91.2,
    90.66666666666667,
    91.4,
    91.73333333333333,
    91.53333333333333,
    91.2,
    91.73333333333333,
    91.73333333333333,
    91.86666666666666,
    91.66666666666667,
    91.86666666666666,
    91.46666666666667,
    91.73333333333333,
    91.6,
    91.8,
    91.73333333333333,
    92.0,
    91.73333333333333,
    91.8,
    91.66666666666667,
    92.06666666666666,
    91.93333333333334,
    92.06666666666666,
    92.0,
    91.93333333333334,
    92.13333333333334,
    91.8,
    91.8,
    91.73333333333333,
    92.0,
    92.2,
    92.0,
    92.4,
    91.93333333333334,
    92.26666666666667
  ],
  "best_val_acc": 92.4,
  "test_accuracy": 92.73333333333333,
  "test_precision": 92.7569582014569,
  "test_recall": 92.73333333333333,
  "test_f1": 92.71059714272675,
  "per_class_acc": {
    "Acne And Rosacea Photos": 89.33333333333333,
    "Atopic Dermatitis Photos": 74.66666666666667,
    "Ba  Cellulitis": 97.33333333333334,
    "Ba Impetigo": 100.0,
    "Benign": 89.33333333333333,
    "Fu Athlete Foot": 100.0,
    "Fu Nail Fungus": 98.66666666666667,
    "Fu Ringworm": 98.66666666666667,